,A,B,C,D
2000-01-01,-0.29584040182532473,0.46412443048040825,0.887240209240677,0.24053042660694993
2000-01-02,-0.548324530163697,0.7144686247543609,1.8868922168032487,-0.38369367682745226
2000-01-03,-0.039130728696510464,-0.16038940290835924,0.3032464353540443,-1.3380740988211062
2000-01-04,0.378997740973131,-0.5542155287446988,0.7504410764240121,-1.1375506882484239
2000-01-05,-0.7031591958409128,0.8226834042002196,0.43764344230194907,-1.7700799650454893
2000-01-06,-1.5102668523781801,-0.055298918767752725,0.42040672896386305,-1.9839346461851093
2000-01-07,-1.4302128629924347,-2.5096307125713984,0.46012886827304406,-1.5427212554549945
2000-01-08,-1.5264074599623356,-3.106312199512571,0.9071001505374879,-2.754571106592515
2000-01-09,-0.13617994998427108,-3.035883758717149,0.2574377794228825,-2.4296503882422336
2000-01-10,-0.341259483587704,-2.004601699338319,-0.3141509971294765,-2.2203271378646843
2000-01-11,0.4312663370221454,-2.675321535373836,0.000882649595167373,-0.8993787637915582
2000-01-12,0.9508790651186874,-2.968836810867583,0.15222247748541212,-0.46259184984671514
2000-01-13,0.12206806910180024,-2.0640690609483574,1.4448149146692546,-0.7641127838271105
2000-01-14,0.5513642058611372,-0.3753588093060356,0.9928548433301708,0.19235456697989384
2000-01-15,2.219197799066399,0.6968729614741163,0.4184429753446973,0.7356223886670714
2000-01-16,2.535283106596205,0.3280371292065368,0.30298701560138863,1.9484461073910402
2000-01-17,3.657172020630311,0.4462454877444254,0.48681041834226446,1.071917584104089
2000-01-18,2.5179758080361836,0.9693726387044831,1.8384091460002896,0.0846893663668482
2000-01-19,1.5204677734172272,-0.3699058556480329,1.0954677905427017,-0.6705326309079299
2000-01-20,2.603827038712903,0.7012338351266628,1.1201426054399894,-0.48481934145659816
2000-01-21,4.520525639769833,1.8296613394496966,-0.6103284735980663,-0.12680946038734298
2000-01-22,4.058237292224442,1.0179403012633057,-2.215991463128832,-0.5498606665590464
2000-01-23,5.078762910155533,1.4482656495076667,-1.0470741255787621,0.6909155764842767
2000-01-24,4.808443211220476,1.45493926827684,-0.24057451209634773,0.7826426643840285
2000-01-25,4.824607917324502,1.3124915202586842,-1.925341401329034,0.7821215396721626
2000-01-26,4.16151100578234,1.7309117839791919,-0.8066839418147009,0.7215559383680447
2000-01-27,3.774747938783141,2.2078929727398284,-1.8067504312692613,-0.2865861581054495
2000-01-28,3.6655917081643232,1.095499933525401,-2.06310772397729,0.7109814695031316
2000-01-29,2.725808402823585,0.6876729448806993,-1.2760382448729157,0.01870791613826006
2000-01-30,1.1067591327583763,-1.3544973645731206,-1.2257336205752756,0.34411832342834153
2000-01-31,2.2826508768742038,-2.4266905417411984,-1.2435312722897944,0.1802912182968879
2000-02-01,2.3811585075580575,-1.5391568926798573,-0.6531570490266797,-0.09704028361493741
2000-02-02,2.079729271165141,-1.0605193934935908,0.13141571729122603,0.2630303105229428
2000-02-03,1.7816935045571787,-0.9566933812415426,1.1561483260952299,0.33332699373522046
2000-02-04,3.037896417519879,-1.384389226689362,-0.4325924902589744,0.6731094482618187
2000-02-05,1.896205068524732,-0.808035598821106,0.8652246583027228,0.8964082732637377
2000-02-06,0.4707653452997491,-1.6779018436308573,-0.4291670624576984,1.6065620414375328
2000-02-07,0.7898416755638462,-2.3268427551129216,-0.39266940591162736,1.7023286095738535
2000-02-08,1.8192241772557145,-0.5809597034429559,0.2776820006159054,1.7248467786224704
2000-02-09,2.2686502288089674,1.071223225239245,0.08838826723275972,1.94183966993304
2000-02-10,3.4101715560306873,1.3311668786534225,0.5686339651579244,2.9982247170733736
2000-02-11,2.445025615080933,2.044708526287408,0.18449638922855388,2.2529627845047773
2000-02-12,0.3559998094426491,-0.5825439936705537,-1.6698016702338092,1.1914857060080768
2000-02-13,2.0868737970052758,-0.23393697984242562,-2.4543910929785526,1.3097608686762787
2000-02-14,1.7549744553353148,-0.49182261785575154,-1.924614413088832,2.194093649400246
2000-02-15,1.9137032902260669,0.6153949048727588,-2.53832326295105,2.40704233288013
2000-02-16,0.8995591525550832,2.7161203676798094,-3.97785149409487,1.560170249612009
2000-02-17,0.5302146661616727,2.606461236462885,-3.639282629002614,0.23483636039141453
2000-02-18,-0.42414322525860226,1.913556711331084,-4.989133817117383,-0.7861227700391675
2000-02-19,-0.16723528195759557,0.4283808587519229,-5.940559913411728,-2.9199564124677604
2000-02-20,0.5975889855552508,0.35723977126146267,-7.656748998557387,-4.535303753707813
2000-02-21,-0.94166869407924,0.14318447672632392,-7.936451576238076,-4.2705501383981535
2000-02-22,-0.3839383654589813,0.8830239288021764,-9.151468858555909,-5.090557927489626
2000-02-23,-0.29350375301725784,2.0163333097024294,-7.703356839030631,-4.541539444323214
2000-02-24,0.4001927841125956,3.376358425870491,-7.095848764786482,-4.277050415354564
2000-02-25,0.03970329099645881,1.918218817821714,-6.2297303698434865,-3.466263447418772
2000-02-26,-3.764679215407359,3.8798257413181787,-7.640870575841365,-4.763319359938434
2000-02-27,-2.8583916599702506,3.4344520128615033,-6.9472999133020625,-4.565388697811451
2000-02-28,-4.644240746013841,2.847686896115852,-7.653962716311532,-4.678825105874915
2000-02-29,-4.412681665174295,1.219449621249294,-6.139088350514841,-4.684324236783929
2000-03-01,-5.877171706395988,1.339178408982488,-5.979820975520306,-4.50942026486956
2000-03-02,-7.324593636863577,1.3257602897978205,-6.328069424995103,-3.5606306680971382
2000-03-03,-7.852993695136073,1.4288165927037273,-5.473384484098054,-5.19108985666551
2000-03-04,-8.802903023153249,1.7761278378620098,-6.1460977257931155,-5.759914203365687
2000-03-05,-8.465740795631309,0.5422488941246397,-6.575118884574033,-5.80030748496504
2000-03-06,-8.697616014172315,0.4760744274091605,-5.38586574823042,-7.460859630732486
2000-03-07,-8.390510683787932,-0.6500214466008823,-6.759116441184168,-5.600748678518788
2000-03-08,-8.079478461844914,0.24051146730166262,-8.064712871013189,-5.695790768450672
2000-03-09,-7.994134271177104,-0.2518512871653591,-9.240613020535028,-5.358290533134477
2000-03-10,-6.2693531157174585,-1.3983460390388085,-9.889394811690835,-5.978150546026692
2000-03-11,-6.226524375356387,-0.0801603671530351,-10.174333046434576,-4.246413269300749
2000-03-12,-6.299870788427813,0.6149700391242834,-10.802134203596234,-4.563358611687253
2000-03-13,-6.332237591044341,1.6270754888534071,-11.781019709365484,-4.107404589805363
2000-03-14,-7.119369454310883,2.9136139371568053,-12.780864366464156,-4.404028817877301
2000-03-15,-7.423423886580972,2.583981127636,-14.254538909253375,-3.232802660446604
2000-03-16,-7.05991640176738,3.3166172330611126,-15.300197439804037,-3.2174006582436596
2000-03-17,-8.844868948123066,3.693468599710251,-13.942223809039366,-3.276382031335994
2000-03-18,-10.514068150086718,2.9799290504349982,-13.94117831737538,-3.779157735123137
2000-03-19,-9.184779711679722,1.9604463264505665,-15.041287512993016,-2.584740857558307
2000-03-20,-10.063018710908826,0.6702078395555116,-15.865160484116954,-2.5086617445224677
2000-03-21,-8.732252813140295,1.6803868075561776,-16.07277148178749,-2.6516170620176975
2000-03-22,-11.421397576414574,-0.44846410837717765,-15.079094213243676,-2.6542930901193644
2000-03-23,-11.7866249061514,-1.5912877901868072,-15.079656985616108,-3.716691106421441
2000-03-24,-11.02202411849582,-1.1467134352172335,-13.94604199127617,-1.2108443129672897
2000-03-25,-11.182094233343529,-1.2646479234912418,-13.816867949500022,-1.0482619494752445
2000-03-26,-12.336832819446208,-2.7382936901834283,-14.390965189960937,-1.453930284758997
2000-03-27,-10.791538764180142,-4.847280461479907,-13.944774774690758,0.47904082734140463
2000-03-28,-11.437139877986207,-4.403376871139702,-15.636381275310335,1.0957988920262571
2000-03-29,-8.987607305686712,-4.671325448095199,-14.982125911926993,2.709699485806069
2000-03-30,-8.94377881391836,-4.421179280536103,-12.913730541572205,2.6758330317372723
2000-03-31,-9.216176588586734,-2.785179544327814,-12.446355592452687,2.2673258724941805
2000-04-01,-8.111466711739963,-2.732548375624252,-12.408296416707776,1.6765969164861794
2000-04-02,-7.117409104959763,-2.1723035886558257,-12.397903017000102,1.2058141164251521
2000-04-03,-6.626457046248164,-3.3524737900898094,-11.997667685920941,-0.6678233165922591
2000-04-04,-7.160614379855964,-3.4794512634284858,-12.107963674315846,0.616062151201886
2000-04-05,-8.537561787023794,-2.773985101901318,-12.309740389294268,-0.1996495449061243
2000-04-06,-10.525978099816179,-1.659180466360798,-11.726465507113568,-0.3839522332431028
2000-04-07,-8.824513345139824,-1.393519299292449,-11.575087100754502,0.1289586833450983
2000-04-08,-9.961129748610206,-0.0856233806038742,-12.335804568521075,1.9536753685113664
2000-04-09,-8.30284965467443,-0.7244262814135624,-12.507937997615521,1.1916747307958273
2000-04-10,-8.023185085185,1.0334034771527438,-12.996384495305657,-0.7198884580572802
2000-04-11,-6.734378354841361,1.273725152164946,-13.864055574792046,-0.8956272929413724
2000-04-12,-6.040333397208479,-0.41216222330994556,-12.652651555652415,0.1481275945118401
2000-04-13,-5.132064833499274,-0.23770987548279804,-12.977260273547579,0.6469025931451913
2000-04-14,-6.070004210113633,1.286135462788176,-13.157220039752444,-0.5781228901688502
2000-04-15,-5.604486169324586,1.8892235676528295,-12.025489016087032,0.45079475505103783
2000-04-16,-6.462984843804061,3.518995510577316,-12.164912687337328,0.2746138241686738
2000-04-17,-5.964933710644467,3.720923394128959,-12.311760812693374,1.8373028385605696
2000-04-18,-5.831932536912838,5.033086278466852,-13.900746314318432,1.854815675911308
2000-04-19,-5.648408333047163,6.688065017644717,-12.17000529623516,2.5118129607215263
2000-04-20,-5.216715854534282,6.144016319260432,-13.212041042330688,2.118399885812717
2000-04-21,-4.644651552680309,6.5353658840847455,-13.61657205169258,2.8008676074472523
2000-04-22,-5.645050759923536,7.253999390498641,-13.927055861592617,3.5817118604103015
2000-04-23,-5.900209487013944,6.229483303306994,-13.362922735082586,3.504060469538644
2000-04-24,-4.545941288914034,4.6288264471516385,-13.86739361505655,1.636414287462507
2000-04-25,-3.381755780621027,4.9931047812943214,-13.89967318018132,0.8685069731908712
2000-04-26,-4.117218472416085,5.790580358358207,-13.46981291887631,1.56011066666685
2000-04-27,-5.434341105269905,4.717138863880192,-12.798725330175522,1.8047129564125077
2000-04-28,-7.023978383980423,4.904056268303097,-11.362463673945559,2.930935579635568
2000-04-29,-5.670532849983596,5.554691288658311,-11.136506002318471,1.861528871377538
2000-04-30,-6.5545123511840275,4.727043390372435,-9.540718584381507,1.4606878772162386
2000-05-01,-6.305331374243727,4.419584280791038,-9.168114874857396,0.6061691690871795
2000-05-02,-3.7176303446110732,4.446026649284132,-9.954111770433634,0.5615196701461488
2000-05-03,-3.797221678751775,3.8798506020972012,-10.056001702180053,1.348280484911382
2000-05-04,-3.2836961672112603,4.046675800837726,-9.793357883100619,2.0433555546287785
2000-05-05,-2.185704694963947,4.193274408872824,-10.148858742164132,2.437569971549195
2000-05-06,-2.6373443660512232,4.582176852893535,-9.475409088258726,1.4556997186476792
2000-05-07,-2.9552581877950876,4.413724882424078,-11.060608284184156,1.4116243567938278
2000-05-08,-3.373363061153098,3.2561574967209914,-10.716567838567192,1.4004175846056635
2000-05-09,-2.0799345487591205,3.8844130216295296,-12.413695274949736,1.2875437032923038
2000-05-10,-4.876274312726735,2.976787909148791,-13.69758596009774,1.4375093202149747
2000-05-11,-4.60886055250553,2.1179729081732575,-14.034626273113151,1.121151202581384
2000-05-12,-5.0444840884879945,2.8679673279086257,-14.684432033696538,1.5684789823809258
2000-05-13,-4.7770726226670215,2.265529073840429,-14.59134619392877,1.1091053192549019
2000-05-14,-3.898547532153311,2.1011916828871158,-15.24499045202603,0.1811625601695407
2000-05-15,-5.493968556169233,1.5593751132220603,-15.068264792630021,0.32874209385367326
2000-05-16,-4.884602512007729,1.9773426224102464,-14.984018434330155,-0.1953664602571903
2000-05-17,-3.4117240537774114,2.0209629101559434,-15.009689580616723,-1.4837553950770201
2000-05-18,-3.73472483595227,1.7356414831461784,-14.817071614522145,-2.408528823510891
2000-05-19,-2.3926250194543988,2.4478930411347024,-14.65149507208702,-2.040859490472787
2000-05-20,-3.8560445615046657,1.6346044811664098,-16.094200235164784,-1.5322824105644495
2000-05-21,-5.597172148224802,1.8315600126262297,-16.258801074241447,-0.6872081577176177
2000-05-22,-5.750204596731609,1.485395417177795,-16.092973672856047,-0.8769783315973365
2000-05-23,-5.583238915157497,-0.0704109185561348,-18.015440434747422,0.2012266737611066
2000-05-24,-5.842444300077921,-0.8460687051040572,-17.447391537134116,0.8764861847127423
2000-05-25,-5.341630334664952,-3.436911570032521,-16.76664393758125,-1.1093521905917463
2000-05-26,-5.131661351144739,-3.719180364326677,-16.115785850259428,-0.6253380368813601
2000-05-27,-3.667763914058081,-2.504182570555259,-14.831621778180093,0.2722421386488191
2000-05-28,-3.332423467521808,-2.124816278349855,-14.319807281642392,1.6179854935033626
2000-05-29,-4.434169756228378,-0.5757270915776196,-12.929707053054553,1.7441786975865212
2000-05-30,-5.040149149344501,0.40815078748380074,-12.60240728230341,0.7695524150754404
2000-05-31,-4.485077980598873,0.1710662538671193,-11.913263527958579,0.6213904573526844
2000-06-01,-2.7856703859360974,0.6078720312559155,-11.62713907326654,0.2733288037225686
2000-06-02,-3.0205677684463628,0.3864389624646375,-10.44421648067799,0.7609858235542631
2000-06-03,-2.721083204085641,2.0830443240078735,-11.053765277407948,-0.21416525532678565
2000-06-04,-2.1297541016762214,1.573427062220675,-11.335713604674387,-0.6237016320392013
2000-06-05,-0.6269890403455345,1.2889965875601384,-12.392741479270569,0.6125313777800254
2000-06-06,-1.668459148238883,0.2059069721876865,-11.595684009884046,0.4188090647063708
2000-06-07,-0.7216861788939899,0.07122472398916246,-11.021717278785204,0.13020210724480258
2000-06-08,-0.3982382006826025,0.13148740103570378,-11.184029056730012,0.14300250295526845
2000-06-09,1.235309950464297,-0.023512670979699085,-12.01317094295749,-0.15219328996593373
2000-06-10,3.285807983295934,0.42489943236836836,-12.535381634571777,0.0066780798949998
2000-06-11,2.2005427123237356,-0.42837777280593614,-13.681192199782021,1.0526180468302795
2000-06-12,2.092005741709388,-0.35935835422547296,-13.635335666597822,-0.30635147013169295
2000-06-13,0.7846582798729738,-1.1498981134036617,-15.128353327145446,2.1430305854209006
2000-06-14,-1.259056751168094,0.16572612107254403,-15.213772051282161,3.3395255018182235
2000-06-15,-3.536952120079966,1.1212463089150237,-15.668591578354127,3.366908622268585
2000-06-16,-3.7307177211671196,3.425633583212738,-14.915999587932081,2.4609666080651977
2000-06-17,-3.9210990603824647,3.939460787168098,-14.079769874097051,2.9350503901758866
2000-06-18,-4.117838778976623,5.853369792027808,-13.193109862051832,1.9073090301723037
2000-06-19,-5.292259369444474,6.23631025245134,-12.147975370642275,0.2617722461585419
2000-06-20,-5.9135995328859146,6.5947774073003655,-12.224066541162426,0.07031835094593847
2000-06-21,-5.887803708215997,6.5565941342347545,-13.305566179921302,2.25686150615532
2000-06-22,-4.859791200218453,6.363651833183115,-12.752419352020565,0.7076105866717122
2000-06-23,-5.3591041153351355,6.125126092570726,-11.224085844204218,0.29730585313282265
2000-06-24,-5.838730292889619,6.756280507880237,-10.39537728766931,-0.33557923860589356
2000-06-25,-6.546952467275443,6.562244319648377,-11.611648363117242,0.4371131113106106
2000-06-26,-7.065139274374901,5.423226402201621,-11.248668349791258,0.6857306181697395
2000-06-27,-4.958339714290139,6.045758624815834,-11.6281492582321,1.326941107704628
2000-06-28,-2.7094479499761217,6.120724411492171,-10.553276804117463,1.4467504020579083
2000-06-29,-2.071729121952864,5.345072758685513,-10.036671489430018,1.6500046557066648
2000-06-30,-2.422143700149091,4.605286325719432,-11.174034601846715,0.762083369797474
2000-07-01,-1.4972628821562248,5.676834707693845,-11.699629421504962,2.4899859536923277
2000-07-02,-1.8620329888453404,5.752063366169914,-12.75163520081061,2.024266262096404
2000-07-03,-2.7848243530559977,8.058162182858538,-12.849577506877695,1.4453309724821337
2000-07-04,-3.637446006682622,7.1561048809163825,-11.066896466519278,1.38198142026259
2000-07-05,-5.922029621277727,8.058547356760752,-11.845205099642415,2.3774540274072518
2000-07-06,-6.165360142625475,7.312163656825199,-12.943454665792435,2.071709599827687
2000-07-07,-7.807366743828748,7.441144854495591,-14.366040132510067,1.3578705189867524
2000-07-08,-9.869124706971235,7.522310901482163,-14.549837721286162,1.7927199556887854
2000-07-09,-9.68628797574439,7.6115618453281275,-14.388589121911044,2.1398442565580984
2000-07-10,-8.545712417238201,9.277765080231763,-15.242736469027848,1.5575647933593808
2000-07-11,-9.627394071180241,9.049315160222775,-18.299035988440888,-0.5164655805476734
2000-07-12,-8.340711529017234,8.587238306124933,-18.548629264286674,-1.1111624567607388
2000-07-13,-9.188318806261606,9.91105921905191,-20.330623557359466,-1.4051437479127424
2000-07-14,-11.487577578777206,11.532496521428033,-18.900063226472863,-0.4836556214695945
2000-07-15,-11.511543509926819,11.14676579584584,-19.480663939718163,-0.5685338473038081
2000-07-16,-11.598555252242503,12.412042285237488,-19.043822013383103,-1.2306216400703311
2000-07-17,-11.820787333253511,12.480277177841051,-18.672977100298354,-3.530158070650799
2000-07-18,-11.742436308119354,11.290057327289118,-18.80357568693565,-4.1218247761725495
2000-07-19,-11.405843994549546,11.020965216952074,-18.77926192572667,-3.519908255288306
2000-07-20,-10.855723116493724,10.223025809543905,-20.12920803245098,-3.695714197581598
2000-07-21,-9.49223953373537,9.417384653126668,-19.813269222250025,-3.591217117831054
2000-07-22,-8.310865766358425,10.11207622466046,-20.635938783670753,-2.9053590358047714
2000-07-23,-9.161526660995476,8.660274076589157,-21.74392867216045,-2.4998253947524427
2000-07-24,-6.8861439665625905,7.9755905822566096,-20.905943302979296,-0.9797596305991307
2000-07-25,-7.705155072195945,6.868264223092619,-20.373518580869145,0.712987781366786
2000-07-26,-9.573324471197587,5.467712189835726,-20.14034366240445,-0.6255581686382858
2000-07-27,-8.935280374058097,6.445114987455692,-20.219826583092868,-1.121948348266024
2000-07-28,-7.7346248469148025,7.523032637089928,-20.781429388126252,-2.233124008112041
2000-07-29,-6.880540289014503,8.021649758437846,-22.140527709956977,-2.392958831844732
2000-07-30,-6.101290152792058,8.048015801484622,-23.048540581174326,-2.868244866286132
2000-07-31,-6.453260623332532,8.703552803688375,-20.870164631240492,-4.064761528047683
2000-08-01,-6.044844801840154,8.027437862723069,-19.999624783490713,-4.172378058101945
2000-08-02,-2.6349109435938978,8.186457910237483,-20.222477119142923,-5.555651424787408
2000-08-03,-2.7985046580287003,9.92055814689881,-20.362355001454205,-4.956924429950005
2000-08-04,-2.36446464622734,9.944588817579259,-21.420927958927336,-6.6988195516446005
2000-08-05,-1.9150791838389567,10.911811161056665,-22.263017420663157,-4.331580339574312
2000-08-06,-1.5439446343664316,10.507553396839798,-23.623073022858897,-3.4013266146672096
2000-08-07,0.2471672234809419,9.839546040409887,-24.264924339549452,-2.5880046785048245
2000-08-08,-0.5186034537476432,10.201293602283485,-24.82494996125566,-1.0139166716656927
2000-08-09,-2.882287652937656,10.810398170504042,-25.998871490687804,0.606383714282249
2000-08-10,-2.111995458901431,12.101659980219157,-23.646142953932436,0.8912374246238846
2000-08-11,-1.1285797614380813,12.622122968736775,-25.013768603897915,3.184390867418161
2000-08-12,-1.5670224362028211,14.234644056011046,-24.493000379883092,2.980604490404144
2000-08-13,-0.7565592155735675,15.449586001071431,-23.467112464176388,4.2485639291513175
2000-08-14,-1.1021694948634553,15.466318980447614,-23.790840250146278,3.261917368338662
2000-08-15,-3.3636608218252784,14.406155719836827,-22.777453881345696,2.040414425860445
2000-08-16,-3.7778001442047286,16.118430067457624,-24.05112800243001,0.15290486835052097
2000-08-17,-4.750574598751563,14.86662213568694,-24.083381175385664,0.5175901864115902
2000-08-18,-3.2064300389316482,13.946587885946245,-24.382324029984147,-0.5377194930593867
2000-08-19,-3.2759040612872385,13.073905977023138,-23.3490725894822,-1.6969011918460692
2000-08-20,-3.24851143111931,11.440483928859031,-24.041024923781848,-2.2826936095980055
2000-08-21,-3.7005078076461273,9.652447913133296,-24.545823032145012,-1.600084819747179
2000-08-22,-2.747061869946252,9.997188562004935,-23.527078218178335,-1.4625846715190822
2000-08-23,-2.4668914478527166,10.701827777625407,-20.725565797679543,-0.020192426922358564
2000-08-24,-2.293499113568945,9.910507634746153,-21.68780868619388,1.7013553822446574
2000-08-25,-1.0034155459590646,8.7866964321255,-22.591835220485933,2.6553593270924907
2000-08-26,-2.6890439924360274,7.131538459058893,-23.730331463661404,3.4617113043206205
2000-08-27,-1.6691337687875256,8.06434375564913,-22.512551849609185,3.5785594760513124
2000-08-28,-0.9900520687654312,8.196827724740752,-21.78213413551782,3.0094215955645387
2000-08-29,-1.2953449049642425,8.091189688026123,-22.911258727068176,2.8496660325528866
2000-08-30,-2.0411754333051935,7.216594064294256,-22.90625698337889,2.853303158714587
2000-08-31,-0.06523690372268698,8.209966271523342,-22.356571202610017,2.1596043404295973
2000-09-01,0.7428950666765468,6.805029541872275,-22.00445134205841,2.474308799502668
2000-09-02,0.557013568755639,7.149033675313561,-22.39529418961687,3.2414391693221187
2000-09-03,2.403626170171289,7.149876115236207,-22.899935779204743,3.1420477717029343
2000-09-04,1.9197883440664105,7.879921659489157,-24.553655132105405,2.1713467055309423
2000-09-05,1.5076937642898613,8.987805964995136,-24.765137610439957,3.4137555497687186
2000-09-06,1.9824480236929967,8.248914400538515,-23.038451774958045,4.13283223139692
2000-09-07,3.390365333408125,9.348035644733766,-22.88543090548525,2.939138476306346
2000-09-08,3.219480265111125,9.53541298269411,-21.40482366071428,3.7115029437478353
2000-09-09,2.9834556264553624,8.101434005803632,-21.8967051664731,4.484693647461048
2000-09-10,4.266939535827908,8.574769489762302,-21.842601417606858,4.655415361600238
2000-09-11,3.974886423061939,6.411915811797343,-21.06912157177039,4.813217711803925
2000-09-12,3.626726427687896,7.51497120375651,-21.34037723890546,4.388636412303441
2000-09-13,4.535884626066699,8.852113391047274,-19.321259045023545,5.463289408586351
2000-09-14,4.589327874088072,8.02676035924039,-20.032084095377115,5.2932713234442
2000-09-15,7.480894923818898,9.349386412540433,-18.248185407933793,5.405704394219706
2000-09-16,6.653600425944695,9.253716728293508,-19.137539001785733,4.580102999855324
2000-09-17,6.812201397913016,10.223618289176548,-19.33594115838256,4.817699136666308
2000-09-18,5.045986115058285,8.86629294387161,-19.130646188962732,4.916464143273111
2000-09-19,4.976669230303031,8.179170965597688,-19.187030547057034,4.337642585904513
2000-09-20,3.350120910543608,8.627053634539312,-18.553195492401727,6.62045012954723
2000-09-21,2.2991536224916898,8.013226726658509,-17.55070553477297,7.4978061998826
2000-09-22,1.3925760187372576,7.160017024511498,-17.31049114650529,7.198844162510271
2000-09-23,2.3342665826813347,8.825937759749253,-17.78363942856404,6.126356922101552
2000-09-24,1.9957263682195783,9.479057841772793,-16.628286711680744,6.380814043374636
2000-09-25,3.4576316275595604,9.898397824105405,-17.148719625496256,7.085955899149626
2000-09-26,2.982531794050429,9.875394724129341,-16.06359544414986,7.684338599694026
2000-09-27,5.007340296821722,10.404039135649457,-16.504316640811638,6.464484380608142
2000-09-28,4.215782561594457,9.806814597413602,-15.60522617119566,5.7783705484371675
2000-09-29,3.106020424721054,9.854574305958653,-15.7737730574586,6.31069922244809
2000-09-30,3.4064404412228435,7.153272058813111,-15.533969589343664,6.5752609849192165
2000-10-01,2.3076226002339997,8.825606283668519,-15.496626884135248,5.944499609622479
2000-10-02,1.2074892665032886,9.558588183466027,-15.934585420773619,6.337885079883925
2000-10-03,1.660489033799046,9.101042990279653,-16.409691766297104,8.209643533486538
2000-10-04,2.2910026059044992,8.40405056969255,-18.01038877651861,6.403257008262673
2000-10-05,3.618044973748577,7.05392833848069,-16.17603406306491,6.6931676557038475
2000-10-06,4.663550565674293,5.432893628601822,-14.981782478643229,7.435633446320648
2000-10-07,4.634582347825908,6.496476696064965,-14.858434032896865,7.869237197364457
2000-10-08,5.21928661970121,6.953221670274231,-13.572215537469283,8.74880181470686
2000-10-09,3.856806719479102,4.445034693971168,-14.49102084304626,9.436798680081315
2000-10-10,3.3242832695653077,3.8663589557570432,-16.940736808374027,10.784568011944001
2000-10-11,3.801289593626103,6.137613415491222,-16.63425607822944,11.755435366478702
2000-10-12,3.4101653008222352,5.840340611875254,-15.057559667051374,10.896219348676038
2000-10-13,3.61920483913426,5.9749632825705,-14.809015369088394,12.28562092837982
2000-10-14,3.1018575627329747,5.922624550942451,-15.228888271946863,12.94622608129429
2000-10-15,3.4371875270656456,7.355238365842447,-15.489293036981406,13.08911660659954
2000-10-16,4.023355636578365,6.5916192183433076,-16.151417975187247,12.81644416692558
2000-10-17,4.132011984695525,6.748252549408612,-14.94124882614951,14.773807520085878
2000-10-18,3.494734727388768,7.150056035658955,-15.335075589950387,13.399055498522058
2000-10-19,2.108988375213046,7.326654096754857,-15.234253440985768,11.162505496761979
2000-10-20,2.2548316557970782,7.960608332385843,-14.728429712178762,11.167038437264978
2000-10-21,0.7666442548539172,7.662691497845902,-14.837957437029376,11.605581691000593
2000-10-22,1.1872312125020736,8.32206551605789,-16.10453334527333,11.318137512002565
2000-10-23,0.5514651368754575,8.703869560941838,-16.581012952158478,10.383183516269971
2000-10-24,0.9950605140335376,7.977973341973749,-15.925581477335593,9.93424409316605
2000-10-25,-0.4149656620877771,9.283331483620357,-14.297434624511967,11.597177969053858
2000-10-26,-0.9889157903768586,8.507790313539305,-15.84585595947638,12.487753777427404
2000-10-27,-0.6455687086323949,8.60683050062399,-16.455621944230998,11.792729954956028
2000-10-28,-0.2892983385675296,9.835471072119208,-15.21369077277093,10.993202035024042
2000-10-29,0.36106280901020593,11.017290530295798,-15.043964576419397,10.900832390940938
2000-10-30,0.5150965239395426,10.607953517146557,-15.175470500321525,10.272813835592197
2000-10-31,2.0309358825321673,12.675833797263504,-14.129607199182587,9.68951374787135
2000-11-01,4.056401762753143,11.764974925561644,-13.804051273913242,9.933552074476196
2000-11-02,4.2986431950508734,11.686309401841763,-13.997893864831045,7.976654670016767
2000-11-03,6.3207088082982965,11.237467791870191,-14.510025915984308,8.232098479167812
2000-11-04,6.491729575463628,10.528981254175992,-15.915382101910366,7.750228610712277
2000-11-05,5.325827684219911,12.176358796888005,-15.119453390235174,7.790415786282061
2000-11-06,3.713357861467322,11.446937344932635,-15.671323524424704,7.3275075493566
2000-11-07,4.2254760153138475,12.456148666877363,-15.025147311415704,7.735213935142374
2000-11-08,3.702749276791579,12.628593109593824,-15.502900355365133,8.029068833650898
2000-11-09,3.3242009056662,10.672519557358095,-16.855934748296068,7.554403403674633
2000-11-10,4.777324181694855,9.919987528695655,-16.88968256485414,6.8779255140210065
2000-11-11,5.759122251032241,9.252335834369946,-17.99136158380421,7.247735835802352
2000-11-12,5.979571865837217,10.731477534430846,-17.75211912585612,8.276516182510019
2000-11-13,5.330729177900025,9.454637059315013,-17.711114856870115,7.427398348035794
2000-11-14,5.377231937832249,8.402215195606711,-17.833739251242065,8.243853265462967
2000-11-15,5.343965095390867,9.742014783736131,-16.946952482531195,9.255541909940888
2000-11-16,3.613337729818028,10.4805683581777,-16.120776002825796,9.922427385204692
2000-11-17,2.3706107584371194,10.388461709070311,-17.763763060094643,8.34924430166836
2000-11-18,3.1739194935842776,10.960591653976328,-18.32715912628465,7.607838756697581
2000-11-19,3.9651991540805156,9.730602728718605,-17.883315466405204,7.683197730788603
2000-11-20,4.7603863905880575,10.968741423779845,-17.521639893412083,7.58336488185213
2000-11-21,3.827842117746732,10.941141583973465,-18.266613290464946,8.67853187151401
2000-11-22,5.464526273679002,11.362754158972097,-17.221764263980795,8.434237500323126
2000-11-23,6.717502882279104,10.795207655938288,-17.744909131277925,9.156177362729695
2000-11-24,6.477746441941017,12.392332296315443,-16.035343579063486,9.996648319528651
2000-11-25,8.334221474337214,12.601629971681016,-16.696108133349828,10.47617442926114
2000-11-26,9.410057016864315,11.446499009288775,-17.273440701091545,10.201538345019804
2000-11-27,10.409199979531113,10.807047354713434,-17.74510221184349,9.643573489864364
2000-11-28,10.247994879010363,9.617552271093246,-19.02578937409444,9.76224735573536
2000-11-29,8.837879382126903,9.543445582916025,-19.93853568527092,10.371771240655539
2000-11-30,7.957978937972909,9.20776948931223,-20.651882279036613,11.33581236063521
2000-12-01,8.493898530826732,8.839508569380131,-20.04736248684261,10.867060401029738
2000-12-02,7.317839347581999,9.540722627870547,-19.992135079124235,13.048515214215493
2000-12-03,7.200783751393537,8.067373237634136,-17.921579368702155,11.289974006134132
2000-12-04,8.082302042212417,7.49310552149584,-18.72966480121768,11.126295541037209
2000-12-05,7.749168968100472,5.946040899663584,-19.58463494467584,11.10334246291189
2000-12-06,7.445648946694426,4.690372543821196,-19.816465548262055,10.247475136139208
2000-12-07,8.823321042826322,4.600162736396524,-18.98547579264212,10.571047012473105
2000-12-08,8.610450418364598,4.587617060153419,-17.54305456840968,9.719862714700575
2000-12-09,8.260868226493475,3.1465114234216696,-18.762997581050847,9.675026873702734
2000-12-10,9.131037101333115,1.7458938464414937,-18.97291536973081,9.171912188842798
2000-12-11,8.614198705309652,2.152272097469912,-19.317893494311136,7.926667451130051
2000-12-12,9.164838278239362,1.485904127037658,-22.259708487351013,7.784780690526783
2000-12-13,8.30035789316982,0.3366303302328799,-21.72191317718622,10.505918049442263
2000-12-14,8.328258472948667,0.6390863703326567,-20.20317473544883,11.708278616244197
2000-12-15,7.576279426662169,0.702039685170998,-20.87950055398929,11.914471931594454
2000-12-16,6.476875657628881,-0.01811247307201358,-19.756440788670492,9.883017026331974
2000-12-17,6.625140773072731,1.6825509976312767,-18.612649989296663,9.093589126473345
2000-12-18,6.661360236536904,2.3036365418490066,-18.29099096450871,10.07666284157123
2000-12-19,6.644977468186635,1.0778768529972653,-20.546848432648467,11.156945722678914
2000-12-20,7.839643547688871,0.6979620084982305,-21.312388135601616,11.62441270420404
2000-12-21,9.190479712533952,1.3989201341107371,-21.35200353969297,12.893105681139241
2000-12-22,7.960902853553862,-0.4052587394535734,-20.647303191598215,13.285469330563629
2000-12-23,8.78673393309208,-0.11302035743240596,-18.87093941625124,11.755706760034606
2000-12-24,10.288060930482699,-0.9563289247903177,-19.894859225306757,13.688805678918852
2000-12-25,12.336017711661963,-0.18343252124891352,-19.987148331720512,13.461881323665503
2000-12-26,12.55432427109637,-1.0367041746535786,-20.131179819216772,14.284374158736675
2000-12-27,13.332068207600043,-0.7494627140933835,-19.980105203343193,15.666592596190867
2000-12-28,12.804672577768915,-1.9264273327218455,-19.670463447940097,15.15648417440964
2000-12-29,13.6247815635128,-0.36844523722835754,-19.82136822808767,13.819614536209667
2000-12-30,11.728277703125,-0.5359837931531898,-21.277284694122756,13.758295291253438
2000-12-31,11.859332952069927,-1.7620522805910395,-21.340781117015762,13.205737208096197
2001-01-01,9.744864760125436,-0.7488959850003225,-22.090374948793656,13.574164491608585
2001-01-02,9.377942279711018,-0.9921689978987629,-21.638261929061755,15.465863635102005
2001-01-03,7.833767661328789,-1.3356578317631576,-23.788354417009348,15.63341372566418
2001-01-04,8.617218823152173,-4.117005440275871,-23.885333616794075,15.736606185332054
2001-01-05,8.353798204778093,-2.588403068938689,-23.005510032547456,16.540956731877554
2001-01-06,10.107334335090773,-1.4610314310707455,-21.953393430124486,16.68544755813723
2001-01-07,9.993291569300641,-1.4441314496948263,-20.859278674242354,16.660504172864346
2001-01-08,9.997617571118411,-2.426765499342543,-21.438277459527527,15.922215935637944
2001-01-09,10.363189872686993,-1.9160598622501843,-23.02498105692127,16.508564445307517
2001-01-10,9.877886124407564,-4.280523606216642,-22.662523472706596,16.05117516389102
2001-01-11,10.11427599410198,-4.7171306839606295,-22.60739751156377,16.626913659508716
2001-01-12,11.163260035030335,-5.63053711583308,-23.95079820796299,17.795825819534166
2001-01-13,10.506361490727482,-4.096903863772934,-24.531812095654477,16.034039435457238
2001-01-14,9.015267680774818,-3.6243206296612236,-24.332065591005918,17.90772667930445
2001-01-15,9.845242080371687,-3.1518154018567226,-23.21685148774631,17.99413141926104
2001-01-16,9.829010168057044,-2.9066761474099927,-24.177143498178758,18.080648623734376
2001-01-17,9.552758468335629,-3.1607084823830927,-23.406785615668007,17.88240257626671
2001-01-18,10.052242599844048,-2.6225728303729197,-22.867273209112586,17.804251463263775
2001-01-19,9.498469092782836,-2.0865418240381124,-23.34076763303315,19.59323401610334
2001-01-20,8.491024154222337,-2.5862741857413893,-23.87499406668964,20.71332625109868
2001-01-21,8.964506076988364,-2.854015418156254,-22.924475515164065,21.526643706652244
2001-01-22,10.071437151919397,-2.201315104078462,-24.413326492479623,21.986761087232296
2001-01-23,10.12900372323904,-2.0650716704040866,-23.70100386808125,22.183358052611673
2001-01-24,9.00903356874532,-2.243090124979031,-24.6761536924685,22.805918959350603
2001-01-25,8.177594029750134,-1.6549081099452927,-24.965506436284887,23.375505562337572
2001-01-26,8.424631454772959,-1.3287922654439606,-23.56662810186985,22.685385919660085
2001-01-27,8.853665000618067,-3.205493769193626,-24.28713189872389,21.716681452508272
2001-01-28,8.21665666892038,-3.9583219448811633,-24.707574411143334,24.139733021629592
2001-01-29,9.217107110585543,-4.054011806620482,-25.36905385773749,23.400691411044463
2001-01-30,9.306495942189546,-3.144552681898646,-23.95748998229775,23.316821536574047
2001-01-31,9.789105090875735,-4.514551368142566,-23.71177484943088,23.86469028172776
2001-02-01,8.80880531734684,-4.902293747149901,-24.054466344564556,24.163692942950757
2001-02-02,9.326334401341342,-4.087595193648695,-24.030283176812564,23.588944629600185
2001-02-03,10.383903194997531,-5.62207912244563,-23.953691946323993,22.788308384937423
2001-02-04,10.130923330903636,-6.086872530428525,-23.234061225140096,22.515459391007685
2001-02-05,13.045950563361286,-7.398727214231263,-23.262719522564048,22.561456850005683
2001-02-06,12.759713321032438,-6.823275953128674,-21.85582501613552,22.45630092698174
2001-02-07,12.99354521766919,-8.22988365965173,-20.279531368390074,21.25890666855172
2001-02-08,13.393795563873612,-7.702471940861669,-19.457713867515658,20.28901395289098
2001-02-09,13.707738374630894,-8.701201508964806,-19.787744810998028,19.79153137120139
2001-02-10,13.186066402094694,-9.82187840313264,-21.566836213873607,19.38208024914837
2001-02-11,14.763075488379156,-9.793677498045918,-20.708566250847472,19.639149251001363
2001-02-12,15.769255657300766,-9.315033544737773,-20.1984212662984,17.934687846111835
2001-02-13,16.179214337825734,-9.373325753277726,-20.16338706203347,18.217380293927132
2001-02-14,16.9893502124056,-8.95655948045224,-21.303464978376425,18.41146720815994
2001-02-15,17.948312313758883,-7.902709639548105,-18.603249286491348,17.196830866775237
2001-02-16,18.374011965047004,-9.582384671540987,-18.87837518081203,17.42954032814238
2001-02-17,17.38522286588434,-8.745821775354914,-18.90272147186964,18.316956274950098
2001-02-18,17.688189724451163,-7.073549971480206,-18.182183714665566,17.232301180639112
2001-02-19,19.457096133102155,-5.415463103964808,-18.45339370055843,16.62520437408554
2001-02-20,18.606484476903645,-5.845798806470697,-18.882780395770315,16.383901682110377
2001-02-21,18.74263674584092,-7.050627481471137,-17.815793853731087,17.74668996029905
2001-02-22,18.78912042333762,-7.808562387789912,-16.976475805108706,18.24656980411978
2001-02-23,20.20911352218171,-5.8495986492670164,-16.83244196684723,17.590644796435306
2001-02-24,20.116801784198863,-6.9040100026348,-17.859515316121037,15.99143431848432
2001-02-25,19.718895724233988,-6.322010427200136,-16.838068984377895,17.106713251286767
2001-02-26,19.958182983371664,-5.263926893981221,-16.82586306424084,17.688283559492426
2001-02-27,20.36905666651721,-5.7056012571220185,-16.62694457486466,18.6886486781049
2001-02-28,20.455766889716692,-4.970957721394974,-17.493821025617418,17.482628616640497
2001-03-01,19.754133332741333,-5.694723150895336,-17.704255984581497,18.17249207512923
2001-03-02,20.819924165814086,-6.025513232782452,-16.98951849421798,17.26028085030746
2001-03-03,21.695771534705848,-7.244326767798395,-18.41522331614048,17.513893570514256
2001-03-04,21.45464273733306,-7.266457589394607,-17.428084263817844,17.324420516168807
2001-03-05,22.090381165371973,-8.00940730219164,-14.461634314468796,17.782635723870353
2001-03-06,21.928982585258744,-8.914142598865027,-14.865450792202292,19.002300915238564
2001-03-07,21.00136275622534,-10.14400355507136,-14.023093195322506,19.61307603205008
2001-03-08,20.613818663297376,-9.031324057589233,-12.936284661238133,19.8170835250811
2001-03-09,19.87853415002677,-8.362684000832902,-12.394087412245918,20.68015887519543
2001-03-10,19.011678693502816,-8.045265723839718,-13.447283969179134,19.538406272263284
2001-03-11,18.57237794785322,-7.163927443345045,-13.192537463674997,21.340897196293337
2001-03-12,18.794796536046693,-7.197323589647918,-14.038417164846775,18.878414011776055
2001-03-13,17.34170600230869,-5.525068145311564,-14.661716104597103,20.023819058979512
2001-03-14,16.93236872757273,-4.786793896734739,-14.362302609710204,18.05298500733173
2001-03-15,15.629030491498238,-5.15762901214446,-13.340385404166046,19.4408378092117
2001-03-16,16.569421443871224,-3.8371674138802847,-13.903975074261982,19.05983438390784
2001-03-17,16.510604058003196,-4.585135397458658,-14.444708053750146,20.84845954561752
2001-03-18,18.611717459887295,-5.479848712233645,-15.536278701898556,20.042582377822775
2001-03-19,19.766844618732343,-5.16947259491487,-16.515136814115852,19.148525221240586
2001-03-20,18.91335340218867,-6.621129004076828,-16.869728486881222,18.416409525393313
2001-03-21,17.72751646633457,-7.449312670216931,-17.690982745584364,18.011159909969084
2001-03-22,18.172663646470916,-8.37725359109919,-16.787601117306167,17.252994304624508
2001-03-23,17.77967906871181,-9.174889053718084,-17.83154933025142,17.28403944071858
2001-03-24,18.038856055187622,-11.042181897250536,-17.369669506931587,16.666120170789213
2001-03-25,16.550412075510955,-12.639026185729184,-16.35072933714407,17.047744212959387
2001-03-26,15.830526845348887,-11.734221692543194,-16.911275277418014,17.572891862008824
2001-03-27,15.490447003858874,-9.29821956810608,-17.61366475983171,17.307610199602614
2001-03-28,16.692829237892216,-6.739517744686548,-16.784806940763715,17.64037837852841
2001-03-29,16.595373263571577,-6.529667630941211,-16.649269515607,18.9581128873308
2001-03-30,16.05298510307678,-8.556977242765054,-16.33769865107198,19.376845673707635
2001-03-31,16.298301226209865,-8.327423710188315,-15.790809239979938,17.904812721544996
2001-04-01,15.39594281907481,-8.276267019399523,-14.619119229968154,17.683381305979296
2001-04-02,14.32783834676768,-8.990722803188717,-14.811218987168779,18.610438671831776
2001-04-03,14.937719719332026,-10.506763658903624,-15.17077685588812,18.70071757103073
2001-04-04,17.508839344708704,-9.718256559936203,-15.585411340780418,18.097295489666894
2001-04-05,16.058580035866207,-6.840556904456476,-14.284494049887133,18.786306501997682
2001-04-06,16.201582951061,-6.678889586141547,-15.35609487793323,17.191942830661176
2001-04-07,16.34773586216777,-7.6695137961304285,-15.865907960950151,17.318887631962706
2001-04-08,15.258417970443052,-7.364132403431739,-16.200071050627653,16.513987629061724
2001-04-09,14.704995592388148,-7.627762960382829,-15.391704491733691,16.162088434658664
2001-04-10,14.257495754580807,-7.747076060936848,-17.05239440381234,17.237970854395314
2001-04-11,12.998705589237106,-7.763203350241042,-16.8433327606255,17.401702502817066
2001-04-12,12.584530062708318,-8.512788160526462,-16.5447842612682,19.943532997695673
2001-04-13,14.408317493170262,-7.975539725801878,-16.448080901249167,21.51279237941359
2001-04-14,14.019000351989511,-6.345185270396857,-14.794089638342943,21.313933655822677
2001-04-15,14.353045954292288,-5.224823698641495,-14.405421311818849,21.581784168361146
2001-04-16,13.672338315751345,-5.140376218496364,-15.423172618972867,22.610242696248534
2001-04-17,13.888523885949997,-4.55876030179563,-15.286241315566008,21.52786035962882
2001-04-18,14.2220734254179,-3.0299499300175983,-14.934023703227304,22.9793695924867
2001-04-19,12.336964578678513,-4.564451637594904,-15.164388596483684,23.70257874519197
2001-04-20,11.168963239049532,-6.028651193788134,-15.680376141534216,22.806412908028562
2001-04-21,11.983865957669797,-5.984152396364319,-17.884676427017276,22.048516544876836
2001-04-22,13.946860087492599,-8.025469326102108,-17.38351209479961,22.591738298028893
2001-04-23,13.181670982099318,-7.965534541605046,-17.850583427901814,20.101703010748174
2001-04-24,14.15704817009027,-7.222018955286817,-18.183846817192492,21.137682601914253
2001-04-25,12.767532917583424,-5.8913734514508995,-18.864483214153335,20.758809638208948
2001-04-26,14.064642147110767,-5.767994242209126,-20.191166994513562,21.442935975842474
2001-04-27,13.726498425452922,-6.6434782995172075,-18.099183044156298,21.43564267991325
2001-04-28,14.213720026850591,-6.631703603121366,-18.396944134679075,21.80480937417208
2001-04-29,14.329762819552723,-7.440041546052084,-18.290181370337677,19.63977503956201
2001-04-30,14.227140821051265,-6.676880150558236,-17.78934184342625,21.170340074612835
2001-05-01,15.171800075528214,-5.383716231954692,-15.616888925693829,20.94415721171763
2001-05-02,14.428447823883344,-5.836422851314718,-14.735154219812102,20.933118154599278
2001-05-03,13.435515318531522,-6.370588009970148,-15.383479608794648,20.519751824002256
2001-05-04,12.475542963177892,-7.235239906544346,-15.152773444721998,20.77422035938648
2001-05-05,11.957544144945354,-7.345202071118637,-17.140257412164157,20.98328994605611
2001-05-06,11.31194475722265,-8.172088525051143,-18.298552766934545,20.152993916255326
2001-05-07,12.360852708597612,-6.919544044179198,-17.009063545822467,17.08364602544255
2001-05-08,13.384887761136842,-6.907918140842434,-16.709298235824892,16.124520717962653
2001-05-09,12.537244868025121,-6.189110186829762,-14.768515520839015,16.970579737946178
2001-05-10,11.48070693563212,-5.678710723540655,-14.78261316752327,17.512358900598986
2001-05-11,11.815739088609353,-5.800696749055955,-15.718886501035374,17.062299003783785
2001-05-12,11.552670019418082,-7.268892761578061,-15.43224677444008,15.74412061964517
2001-05-13,10.253551845560139,-8.296035452156094,-15.80834814020044,14.605297231875314
2001-05-14,11.10281759437165,-6.122090221756629,-17.01822492446482,16.388240867378496
2001-05-15,11.270308728416229,-6.642368589597226,-15.135978670017128,14.64706485700115
2001-05-16,10.867335063898254,-6.054783516322199,-14.633558301616231,14.296330443427948
2001-05-17,11.189165403789348,-5.131759729374332,-16.12128529859575,15.83159943611129
2001-05-18,12.663594990967232,-7.383454702723066,-16.726145838479084,15.834423554909625
2001-05-19,12.158739371544552,-6.819062594536774,-16.241904362024297,16.949026975377265
2001-05-20,11.956904483055505,-7.194319545049346,-17.00916865611619,18.736177224444393
2001-05-21,10.114654097706481,-8.50914148713574,-14.78115724715147,19.27033632960374
2001-05-22,10.042896442158396,-8.400702367202014,-15.298023389361632,18.82275742775426
2001-05-23,9.709271510690167,-8.080516056305676,-14.262513494190287,17.641177919311257
2001-05-24,11.362160681427271,-6.633677421599822,-13.629315491368398,18.239942225161666
2001-05-25,12.750977715165416,-7.253773879276555,-14.018844119026063,16.565394923991665
2001-05-26,13.208211789280536,-7.45803752176503,-14.526988205984075,15.954573757276878
2001-05-27,13.625399497323714,-7.976307578695135,-13.992425951998676,13.994216745047154
2001-05-28,12.358636073143778,-8.526238931540522,-13.719350041192545,14.697401565489809
2001-05-29,11.295918194226092,-9.271655265416488,-12.893337727472357,16.289345241599378
2001-05-30,10.354686930949397,-9.733596595560869,-13.930348433453295,13.456304077315613
2001-05-31,10.14600712116308,-9.51268960291393,-14.072299689438653,13.607365469988636
2001-06-01,11.089062344822196,-8.629211996107157,-14.895566915030882,14.43990036719957
2001-06-02,13.164029879439484,-9.984957989228658,-15.904714955966075,14.503607790118284
2001-06-03,13.870590809404966,-8.90058036001739,-14.642012380868213,15.38280505056396
2001-06-04,14.24166946799957,-8.78911099115077,-15.370557739496963,16.390256744403068
2001-06-05,15.237815430484803,-9.470228163190312,-16.160484358965725,17.73258090685454
2001-06-06,16.03101982140093,-9.148385141949811,-15.149132469227467,16.812797787451387
2001-06-07,17.479727259944124,-9.723501698476127,-13.790836783849134,17.316873404253755
2001-06-08,17.96125785299384,-10.125698677694253,-14.67560537019531,17.82213689222693
2001-06-09,18.622990420453675,-10.53025718690359,-14.04685356976634,16.880723133601574
2001-06-10,19.397561094369507,-11.574146190832183,-14.664145647727285,16.906367097124917
2001-06-11,19.288820430731423,-12.215145955114423,-14.887285800687984,16.249359731595895
2001-06-12,17.88100337618133,-13.60399132001478,-15.182897785806244,16.07201055940626
2001-06-13,16.66743940870419,-15.848784266299008,-15.602187174943886,15.99765932195747
2001-06-14,15.392383638105011,-16.137393801146164,-16.806667012338,14.959934692644516
2001-06-15,14.536157720222908,-14.824960780827523,-16.111074653469597,16.061613570696483
2001-06-16,15.640315126028575,-15.799899090929365,-16.165330949531178,15.266665121313432
2001-06-17,16.86230407502082,-16.73442693287429,-16.008063251577635,13.66813894310396
2001-06-18,17.536948659812914,-16.20048840719825,-15.770790317442478,14.239220170678747
2001-06-19,17.77609575158967,-16.226881421877884,-13.511195704323944,16.250992117915136
2001-06-20,18.72169014664285,-15.448508980536836,-14.816826354171067,15.638382327259487
2001-06-21,18.977808313766836,-14.807232639517174,-14.579117517340535,17.151483656361926
2001-06-22,16.288213418806002,-13.835155805810517,-14.260955877946316,16.96254681883926
2001-06-23,17.227878134060592,-13.469545052378065,-13.561989023742235,17.274589189528093
2001-06-24,16.559057704476285,-12.144998484208733,-13.203456573052195,15.957426806259871
2001-06-25,16.668900389368275,-11.22196392223076,-11.781450188025627,15.669190575067724
2001-06-26,16.632441450133854,-9.468503039426423,-10.672925283385583,13.099458204500472
2001-06-27,15.267721256717378,-8.414959065808818,-9.937006949585113,15.47431793666192
2001-06-28,14.846139356069218,-9.955452134216817,-10.472508496460188,13.554280532498169
2001-06-29,14.811866176847499,-8.60022014827658,-12.280034956882943,15.234780696809995
2001-06-30,14.03294100952498,-7.991458228853751,-11.80836298028078,14.378440165454752
2001-07-01,14.023871483526388,-6.347495919634083,-11.103016523723554,15.170880071408288
2001-07-02,13.870255062008697,-5.993013455165562,-11.699979211772044,15.519891305098175
2001-07-03,13.906380426953115,-6.705091343579205,-11.881881736133256,16.857993301722498
2001-07-04,14.670521400876202,-5.074894246231574,-12.206345093038355,17.729321981445405
2001-07-05,14.859241092753187,-3.4794878351070855,-10.885891906174471,16.84521274662859
2001-07-06,14.603614499764168,-2.4958452789107386,-11.240177736542611,16.916195656880074
2001-07-07,15.144319318151272,-3.178940758271816,-9.73412844718491,17.623389974010134
2001-07-08,14.840007486937603,-3.160272130731357,-9.534941074814872,17.563125767527676
2001-07-09,13.008839598387791,-2.2408178246565305,-8.6878464883156,17.33418239934104
2001-07-10,12.897261912135367,-0.9514793192709614,-7.354812603521326,16.71994917862935
2001-07-11,11.740774389501517,-1.8603535079841373,-6.844059962392984,15.735399808878247
2001-07-12,11.814212656395833,-1.4004597388863045,-7.145544836190056,16.992758534386674
2001-07-13,11.682707531150108,-1.7125579899990473,-7.066558410356592,16.628257096090117
2001-07-14,11.695426679923413,0.2951557413636159,-7.101831576086776,14.840967604800346
2001-07-15,11.311994672683939,0.8805766035930401,-6.3642537678187265,15.727747278419429
2001-07-16,10.989703316787269,1.7211872280873752,-4.535884043759554,14.232951613453661
2001-07-17,11.148667636419136,1.6277486426860979,-5.5277417305801695,13.770019489804874
2001-07-18,11.49553599835329,2.1854591244742867,-5.8831316989646405,12.816811694752724
2001-07-19,13.521535536030463,-0.44441229676297933,-4.792481517739886,11.750126226268371
2001-07-20,13.171737621402166,1.407899891906682,-4.609142920770771,11.856003088809235
2001-07-21,14.657470010587161,-0.5425599572103164,-4.580921659542678,12.932919797546901
2001-07-22,12.984237143903572,-0.12628971178597687,-6.1057675099084685,13.002905374477544
2001-07-23,12.189187113551121,0.2528876328966761,-4.944107425263459,11.936499758554652
2001-07-24,13.56431113379686,1.239173559234133,-7.267975324321999,12.973799507145884
2001-07-25,14.618316797150646,1.1873027484873315,-7.944399087263709,13.307819672191343
2001-07-26,15.659245167969251,-1.2182158938434022,-9.122604250701901,12.838237375726465
2001-07-27,14.177955995249325,-1.8152468929177048,-8.815499734993724,14.084518034905367
2001-07-28,15.413955296793802,-2.076088651121396,-8.029604025386183,15.44206019515554
2001-07-29,15.086287024891632,-0.023395178031223818,-7.450928523452056,15.900343399964122
2001-07-30,16.894922380629676,0.9238078552829587,-7.485651790038044,14.817857940046636
2001-07-31,16.571982924933994,1.4018829973017841,-7.8406821967709925,14.560240184108373
2001-08-01,17.724507847199433,1.6795561924583042,-8.219426525690004,14.492349291758037
2001-08-02,18.102403487504958,2.1290031296374248,-9.522297407364576,14.797237384273156
2001-08-03,17.88294968966018,3.4913516155791275,-9.904809424116362,14.624101793482385
2001-08-04,18.58357671286844,4.150176257657387,-11.491717927411456,14.43751217847249
2001-08-05,18.880821102746268,4.539173010351697,-10.949689881827728,13.831839533011903
2001-08-06,18.645004334658218,4.631686562586509,-9.239760654615226,14.893912761175436
2001-08-07,19.202667254228245,4.18982360536457,-8.427763979106865,13.870329792068683
2001-08-08,17.561433138764954,3.8152962838842748,-7.683388502654381,14.646003831865125
2001-08-09,17.87391393610128,4.1242589332367965,-8.905765730268376,15.526234102333367
2001-08-10,18.621943277770555,4.8698127210391995,-9.330143029728003,14.815533638211637
2001-08-11,19.19184464789881,3.5984729243921714,-9.161117256024705,15.232632303445598
2001-08-12,19.758488692040498,3.398176619660735,-7.749151145995802,14.891242645097766
2001-08-13,18.61368272159593,2.6031957867150046,-7.3037960859659945,14.954034759305916
2001-08-14,18.563655955159206,3.562675014637086,-6.851566139532439,12.983565962351497
2001-08-15,17.83798446582968,3.633705578830131,-6.634044296336371,11.541542965914315
2001-08-16,18.93582363958977,1.2030689450086078,-5.380891822471691,10.989807697730884
2001-08-17,19.16603480971873,1.9865923960301664,-4.95954487434012,11.420386455778075
2001-08-18,18.951361287654485,3.7914608003353796,-5.7863910958463745,10.630634104626864
2001-08-19,20.632395328470498,4.600858991994104,-6.875149955840967,9.818013047314867
2001-08-20,21.224830077828745,4.607685608559358,-6.7317668706000315,10.274204880408249
2001-08-21,21.00434492839157,3.6161738669669647,-7.644578013518695,8.552986318472016
2001-08-22,21.13605366553881,3.5257410648904277,-6.651976145866624,8.383746175979121
2001-08-23,20.939266533775573,3.3084393427474197,-6.620626830079482,8.83555758325253
2001-08-24,23.444196723013793,5.148798532219987,-6.7502533474407596,9.148402238868593
2001-08-25,22.900739532918003,5.141958611187424,-7.608011547593578,9.810673253057207
2001-08-26,22.867972017458772,5.44232902818405,-6.49537012738287,9.905332389482448
2001-08-27,21.94783070032736,7.20975690105007,-7.0914632002757845,8.277704840285114
2001-08-28,21.411422841784585,7.510491957604728,-5.052385557376799,8.734669203167272
2001-08-29,22.96196184964406,9.66621151510932,-4.525261272717701,8.598418119971972
2001-08-30,24.30194239575625,8.72489976194772,-2.7003807738967724,8.691503231327195
2001-08-31,23.61470461273092,9.956583621522785,-4.048625829811711,8.86394255423359
2001-09-01,21.78889176460112,10.495046796293451,-4.906207730558113,9.484043682936575
2001-09-02,21.453687842626568,11.247167932606484,-4.373935420809184,8.661519242675242
2001-09-03,20.643292931481973,10.99894770367675,-3.463918688986496,9.834941008730574
2001-09-04,19.090736689804686,10.702023948643872,-1.9507168897672285,9.933823314042218
2001-09-05,18.639569584131756,9.407294570261891,-3.65534630172776,7.813346857278795
2001-09-06,17.684409922588028,7.582116591210805,-3.474360050319217,7.681682955447567
2001-09-07,18.273335043821746,8.21773295605076,-2.9509191226446547,6.4735524911700075
2001-09-08,18.32334551551617,6.537229541928375,-3.3439070072361865,7.021675503262132
2001-09-09,20.073632083728764,6.966312158188095,-2.6609004718608693,5.9331924946798065
2001-09-10,19.78622166206829,6.989304065800799,-2.768418382579177,6.105711553910401
2001-09-11,17.12794320410823,8.231837194991188,-1.7322886972340523,6.640305776450452
2001-09-12,18.08066313295462,9.185718406163367,-1.3267407279057035,7.037163103631804
2001-09-13,19.073223772153742,8.661398880640252,-0.6922295643622892,7.223187460859693
2001-09-14,18.903280416844456,8.564312093808956,-0.395662909283022,7.203592467372649
2001-09-15,18.361481858177477,7.592599803955985,-1.6303287762681993,6.511321459104662
2001-09-16,17.891788825545827,7.850090896443395,-3.2096184250688764,4.872636316565959
2001-09-17,18.253553994969824,8.032218544620916,-3.9850023877609018,4.606300620303465
2001-09-18,18.91694191480148,7.550294299766379,-4.12799828696012,6.40882733761309
2001-09-19,18.586451095596953,6.86932302638322,-4.081844234788812,7.473646234379532
2001-09-20,18.132543532413774,7.042420475154177,-5.580063984042715,7.395396635826053
2001-09-21,17.974768267395255,8.408474923819954,-6.14028506312513,8.105899954655618
2001-09-22,16.565567175136504,9.417945990346471,-6.785599091534577,10.160324700388388
2001-09-23,16.284699775643407,9.783244591456537,-7.279318240665446,9.888109203557093
2001-09-24,18.112252427958754,8.36089498888253,-8.707273253396597,9.738331059175454
2001-09-25,18.1855309372757,8.443120378866846,-10.712928190277566,11.46315996600112
2001-09-26,16.94908532311484,8.58957679555163,-11.807534134994826,12.81214957243617
2001-09-27,15.628703634913526,9.011663039742876,-11.795949374968579,14.321183060686671
2001-09-28,15.400296008671084,9.275536457424847,-11.729262484087032,13.981208049777486
2001-09-29,16.508195755345984,9.719396207635745,-10.172174961333313,13.767808114488261
2001-09-30,17.09666725673233,8.221335749866029,-11.284967887449044,14.965676311978367
2001-10-01,17.616628639480602,8.52487658225142,-8.965229930070588,14.708856870948415
2001-10-02,19.52240992066833,8.808090103407828,-9.719696978416517,13.523480009015007
2001-10-03,19.98466491453604,7.158830959034542,-9.621486835591865,12.973995169703926
2001-10-04,19.670865978024707,7.997585456352172,-7.9826246716593,14.62184305758109
2001-10-05,19.158697055659115,7.959134128805999,-8.356905440090362,14.407733201258898
2001-10-06,19.68253992866355,9.319986315225139,-9.600233363025286,13.42792464078126
2001-10-07,19.567127646776132,8.874651824113512,-8.832227158140736,13.153239833554764
2001-10-08,20.265050634766745,8.644608829187488,-8.170897103438339,13.187059328666619
2001-10-09,18.64607428291803,9.440456333448608,-8.353651986876027,13.281735697495895
2001-10-10,19.51274487476428,9.635259081345044,-9.559429649704782,12.52555036174633
2001-10-11,19.297951473647874,9.679842021531337,-9.414068362199076,11.272616129133446
2001-10-12,19.93554767275248,8.337780554307118,-9.42614047863162,12.60123431483984
2001-10-13,19.463329749104272,10.356565588522564,-9.248203135142633,13.411640717468998
2001-10-14,22.2912539051369,10.565600198979352,-9.222284513130498,14.274758410742486
2001-10-15,22.007019469440227,9.745103365649129,-8.20470884669365,14.824574215569612
2001-10-16,23.485248756595993,10.9708622420915,-9.40040594117028,15.684408643500635
2001-10-17,24.383133099026132,11.717431445625424,-10.378268047054569,15.6021336450891
2001-10-18,25.545716949293848,12.843126224139235,-11.969590512632461,15.682741335986147
2001-10-19,23.196890408332294,13.128327130263992,-11.630117974166069,15.620477290672754
2001-10-20,22.58685022590612,12.698797051560485,-12.361170984097475,17.290463119491083
2001-10-21,22.61758184258952,12.349396009055392,-12.769852723975905,16.696843765554586
2001-10-22,22.868850165944764,12.784963073521315,-11.289920496090337,16.908848009872955
2001-10-23,25.30828233223513,13.18224429738529,-10.198251622557626,18.170338569923796
2001-10-24,23.648611711373555,14.33642032870473,-9.729993870523929,19.40944886672183
2001-10-25,24.180472449005403,15.485830998811387,-8.604287467501203,19.57156920131924
2001-10-26,23.774823110630276,17.31833240953119,-8.990518858334823,19.69892412323967
2001-10-27,23.546417484109043,16.783752625856156,-9.002120723231268,21.636336307252503
2001-10-28,23.39882526038762,16.01478972706432,-9.86323858184314,21.681368508477565
2001-10-29,21.53945043770238,16.554359472833966,-10.064315419748883,21.814419667863046
2001-10-30,23.091715653968382,17.7198472029755,-9.218701890292664,21.389444694902632
2001-10-31,23.30502097699056,17.770178600951244,-9.205875218770462,20.84447556701048
2001-11-01,22.58440387268676,16.76181742624283,-7.244347087782108,20.777957423279688
2001-11-02,22.18432717313192,16.63643081978109,-7.1460785476173045,20.028526342953377
2001-11-03,22.887879664128597,16.538248819795175,-7.2928163487203586,19.974632026748967
2001-11-04,21.422777697816137,15.91635755534079,-6.384144954284172,20.407261829421376
2001-11-05,20.325554753535535,16.546075148017398,-7.002375920142381,18.840531582029755
2001-11-06,19.14400312229595,17.31212361201728,-7.212885509767883,19.141975480229856
2001-11-07,19.385498626080548,15.353342308204828,-5.816917476495178,21.255721217563107
2001-11-08,18.82584876226729,14.447501873026768,-4.1426876375990265,21.64526547332911
2001-11-09,17.271620656664208,12.696803580655482,-4.4896518187999375,19.85390442719109
2001-11-10,16.44084940063592,12.126039687402164,-5.0401364536421305,20.584600030962203
2001-11-11,17.363475061538754,10.300305481819917,-5.792037505871748,21.384520651478706
2001-11-12,17.401263332122163,10.42671474646837,-4.467124460171978,20.29293594841876
2001-11-13,16.885543102695173,8.948845421521597,-4.831893173015144,20.87831423364189
2001-11-14,18.016254467261597,8.888840497857798,-6.7809313231224975,21.753483652967574
2001-11-15,19.3435009819481,10.534228103015227,-7.929440271658551,22.000037781468713
2001-11-16,21.529347660592276,12.364955914421653,-8.26158712853043,21.849578548396053
2001-11-17,20.316602339248316,12.861187034687127,-7.048564049946922,23.39833310826782
2001-11-18,20.032892200190872,12.295935668788038,-6.542793162660753,23.33058529479342
2001-11-19,19.073493610837705,12.400643117715859,-8.673553608134519,22.835361233773835
2001-11-20,18.600608410318422,12.524585309671002,-8.300913697294476,23.03169366798655
2001-11-21,20.787057719487876,13.701122869644395,-7.895200076171136,22.470848104709336
2001-11-22,20.732179544594583,13.962003256811911,-8.52643413740509,23.419822537295655
2001-11-23,21.989839455358997,14.256044957455936,-8.97663062308099,26.114155384217877
2001-11-24,22.69674314971111,15.312195317931192,-10.012408051047627,25.565472992163606
2001-11-25,23.834629752332734,14.989979430541318,-11.706964943089444,25.7277147174287
2001-11-26,25.199553875658175,14.596237470047761,-13.404036903793251,26.15854189235684
2001-11-27,25.203792026102665,13.927454473490386,-14.582723335199244,26.763275660681465
2001-11-28,24.570516652498448,13.65055761487283,-13.443526933153093,25.58602381947281
2001-11-29,25.046020797792085,13.873746320576691,-14.031492938060909,25.981990150881934
2001-11-30,24.546821937992572,14.367303956718908,-15.212528321011836,25.655712749927822
2001-12-01,24.39680053734515,13.82474563213408,-15.64564076582673,26.159048341770216
2001-12-02,26.268314935365527,12.833846018962802,-15.596477920654978,24.636997123373703
2001-12-03,27.257826769365973,12.33691383680781,-15.72458899882154,23.297290122246896
2001-12-04,28.337861214139348,11.514654917020858,-15.000986446044813,23.538871202291745
2001-12-05,28.88839278453864,13.233942298493087,-13.297481389517522,23.49784908881336
2001-12-06,29.563299890693703,13.434559232548473,-11.583303288249105,23.420284147565788
2001-12-07,28.74490654567363,13.537799996110428,-11.71940693155853,24.413611179810307
2001-12-08,28.374355407831946,15.76959638256887,-12.397712247693295,23.415763159875418
2001-12-09,28.446998782495832,16.097550472370298,-12.097116191336733,25.270993215252126
2001-12-10,29.40329181971261,16.780677751790247,-12.576939524130598,25.926297332856652
2001-12-11,28.594811988720263,17.976840478481915,-11.872665889559235,27.44635969040218
2001-12-12,27.968279515402006,18.432713241282748,-13.786555672005768,28.943092150751383
2001-12-13,28.72624440126197,18.106025875215174,-14.592151246511333,27.241778904350408
2001-12-14,29.64449679085107,18.155247446234032,-17.729607753603624,29.17792174819026
2001-12-15,30.46992155101823,18.428853087325457,-16.86995375881407,29.027559276624714
2001-12-16,30.45571118404932,18.296341724535438,-17.66143246822427,28.077099361939506
2001-12-17,30.73012862248671,20.13000988215941,-17.258583120225694,27.35344338376632
2001-12-18,29.905842342511026,21.3827442507743,-16.95673569674619,27.048885149288704
2001-12-19,29.12805046236136,20.66131897039305,-16.404689033350362,27.934454828458055
2001-12-20,29.076951487353874,19.738628043422423,-15.999008088254728,25.983012482863682
2001-12-21,28.655214959473053,19.840891652569457,-15.456310495524374,25.237095729164768
2001-12-22,29.526136306497122,21.08368011010549,-15.246724136878223,24.513084335983415
2001-12-23,30.41210479082662,20.235315192840098,-12.59906126712163,24.21341651792807
2001-12-24,30.534812560192986,21.670672114127157,-12.95751823647474,24.64707219451293
2001-12-25,28.25580018305912,24.00183910719602,-11.873750278108075,23.62067657207737
2001-12-26,27.41025050726758,25.308511965399532,-10.666722165948098,24.473161800139742
2001-12-27,26.40940307138537,26.38971053330159,-11.039114671465722,25.14401325397332
2001-12-28,26.703079686758386,26.578180106519643,-11.870742436211883,23.944434618212078
2001-12-29,25.331533978658694,26.376135072777807,-11.838846901206622,24.625251385818885
2001-12-30,25.512240337568212,25.600722990803263,-10.758747331003036,25.62156097141627
2001-12-31,25.619217596128628,27.7842030475329,-9.618058474246865,25.436339195145116
2002-01-01,25.08752499687009,26.553546123819594,-9.242942363745083,26.280920010208746
2002-01-02,25.680559971682204,26.3517836971804,-9.611326820908966,28.511479461479308
2002-01-03,26.235984891534056,28.00539134444961,-9.021069375428256,28.14426483806868
2002-01-04,27.13404084219816,28.214416827178088,-9.00801222331672,27.595817655487814
2002-01-05,27.90223342595628,27.156234206789055,-8.502525087452778,27.453150763165787
2002-01-06,28.28892000168392,27.84505062270107,-7.00152786397329,26.649532767283407
2002-01-07,29.431173773569903,27.835204202982524,-7.624852950499616,26.183918161821634
2002-01-08,29.117756447473027,26.538112646603818,-8.308446732684253,25.299255008344556
2002-01-09,28.824978288768918,25.568926682770535,-8.630172991293737,24.709525065730595
2002-01-10,27.618692948923318,25.242724228086605,-8.03680510611278,25.918811141620687
2002-01-11,27.24609785403908,25.102117284562528,-7.998102534343599,26.85686687267326
2002-01-12,26.678910917617998,25.25441638985627,-7.970571624638521,26.88365561974058
2002-01-13,26.71304036630834,25.65289034396763,-8.609568094774474,26.98680369532774
2002-01-14,24.987758478156557,26.96852624015979,-7.7724931829628385,26.41176148334511
2002-01-15,25.006674173250822,27.42920082690497,-5.830394256440792,28.687550838165638
2002-01-16,24.528676301631343,26.802328952665153,-5.214105996599185,28.144160605842757
2002-01-17,24.665912982544032,27.43358588926447,-7.325756781475265,27.977176355809142
2002-01-18,26.24531868110324,29.29512551919373,-8.197788364340521,27.653277580634004
2002-01-19,27.447914599038754,30.0337534507451,-9.16151600266521,27.683458424778717
2002-01-20,27.433221399208733,31.55317094655159,-9.551066756871261,28.119431480476774
2002-01-21,27.5715008430513,30.255204346456622,-10.183540811439471,28.595064849365787
2002-01-22,26.617909946271883,31.902407876723895,-8.82033850451339,27.90633998707685
2002-01-23,25.702415573254648,32.08580446831036,-8.244964760477783,28.335963677012405
2002-01-24,24.541970422404987,31.843928629874053,-9.394585686106081,29.352598896698318
2002-01-25,24.451350877764906,29.009896793510705,-10.209407869012345,29.691129555951395
2002-01-26,25.039569002569436,27.450692828480594,-10.012737613386403,31.354220564462924
2002-01-27,23.032694262019575,27.499207053579088,-9.888402678809058,30.336713336615432
2002-01-28,22.88657121480801,28.666519658726106,-9.962570897117327,30.68627098489396
2002-01-29,21.85878481385542,30.756035152347287,-10.411762839734608,29.72219893198572
2002-01-30,21.477791338883975,31.073744870552098,-10.298166406847878,29.498607241021844
2002-01-31,22.96623365421271,30.329888255545534,-9.683581397704836,30.28231608689483
2002-02-01,22.5261287047078,30.65065164205806,-10.275450272250255,29.284917694925785
2002-02-02,21.729123295456173,30.292351153951135,-9.083339440823202,29.25634841871732
2002-02-03,24.05583936832592,31.739743923135613,-8.891399352625639,26.806097850513776
2002-02-04,22.66673296341049,30.68498893668585,-8.0170542163951,26.760492548499908
2002-02-05,24.66764070212636,29.237226434251564,-8.983140806480058,25.259548825499614
2002-02-06,25.605828889243305,28.498430997507644,-9.76560211740845,25.47240038339115
2002-02-07,24.227786393097528,27.839523910588266,-8.71220748456662,26.96294882337657
2002-02-08,24.33517076859963,27.092657695600916,-8.143697442459656,26.999789125461714
2002-02-09,23.495982513770265,25.484424463277104,-7.482507656640892,28.18094951992599
2002-02-10,23.49572827916802,26.41004524390659,-6.791048554078974,29.66051068959705
2002-02-11,23.943264198475852,27.18092545847592,-7.1236299865423,31.52092891108172
2002-02-12,23.387250181388474,25.84214626385945,-6.528376979311812,29.606335867896238
2002-02-13,22.77948080271717,26.414000485633636,-4.742680841221504,26.5301600092119
2002-02-14,22.201433433537467,26.296588573935903,-3.874173709667904,25.79074285614969
2002-02-15,23.178016256870443,26.94204244894637,-3.6728821583109292,26.322079710331426
2002-02-16,24.147114078649896,26.87607627883456,-3.829358044100717,26.92719165543749
2002-02-17,23.847953989701676,26.602394979358852,-5.552338646056911,28.15916492417499
2002-02-18,25.897415061653042,26.786029509244084,-6.240831459486001,29.746813657828078
2002-02-19,25.35352024356067,26.508442312602337,-7.239830588247892,30.90053253426262
2002-02-20,22.895075068654,27.59023742051047,-8.256959936870947,30.316664642482106
2002-02-21,24.979831091662017,27.106330642335738,-10.546969628210345,31.176540372928553
2002-02-22,25.419425730872454,25.1019156081572,-9.094290742071147,28.443083238387672
2002-02-23,27.67547614860173,26.03616123091258,-8.820621211942287,28.67484815411657
2002-02-24,27.64026127273023,25.358928736634486,-9.008900390270972,27.451799000085412
2002-02-25,28.74186687484646,26.58456046334231,-8.652236653561891,28.211456724855136
2002-02-26,29.803157657773742,25.63524812938756,-7.841539454338559,28.596374423486893
2002-02-27,29.13214886113449,25.32000950166459,-7.267813354638702,29.378474273331253
2002-02-28,29.88312875819391,24.67657794207856,-5.977339591396648,30.285056493694864
2002-03-01,30.484685741559073,26.46222507281961,-4.989371869413277,31.040752197858495
2002-03-02,30.075554157168252,26.52776039374765,-6.313513440432245,31.33843850967217
2002-03-03,30.36880556482923,25.926709949241257,-6.735401662960989,32.62237504978623
2002-03-04,29.943452057245146,27.33052435982058,-6.747916071336179,32.91646675558668
2002-03-05,29.150523269846037,27.868363210758297,-6.369335542808118,34.745182570340624
2002-03-06,27.33954627843258,26.776074314935652,-7.400368948231122,35.34629106283094
2002-03-07,27.67713159000272,26.56349333559106,-7.697406491647508,35.61972544841133
2002-03-08,26.501831255672222,27.336707617975332,-8.26154330739263,33.63034926640592
2002-03-09,24.481338823613193,29.03742428932029,-8.485043676947805,33.28189496946017
2002-03-10,23.326715671045267,29.74514630280813,-8.138810632001606,35.7150110306311
2002-03-11,21.89307287423515,30.380840742882313,-8.922638508644287,36.34186119323968
2002-03-12,23.009194916771115,31.21554779171394,-7.905358458615917,35.129883278108494
2002-03-13,23.628801999895884,30.408919863946373,-6.6933350999031065,34.791693532002895
2002-03-14,23.927648913904267,31.22371105697847,-7.105360845036122,34.259903938791766
2002-03-15,23.273494212009183,29.491648159486378,-8.130647842449918,33.096704491776045
2002-03-16,23.503874720249826,30.439612990246033,-9.212798500930296,33.18221354023199
2002-03-17,23.031610839232894,30.532186105857562,-6.5565795874644905,32.12001754340355
2002-03-18,22.49337171883383,30.661490180922012,-6.305808509672321,31.985860376268246
2002-03-19,21.427370391754298,32.740306381544485,-7.641422260893355,32.91795719997845
2002-03-20,25.037204308757605,32.74768788865468,-6.977738682287638,33.10084488430043
2002-03-21,25.837709501399484,33.92924995732075,-5.347396616594388,32.74461203135867
2002-03-22,23.128406750462663,34.71476752399959,-6.608670059685976,32.95826115114162
2002-03-23,22.92430726506537,35.03628858290051,-6.181755282859991,31.820446534261468
2002-03-24,21.28055124626125,33.90553797319275,-4.977216832831247,31.593494263578965
2002-03-25,20.405312459000427,34.50301987526916,-3.7860473747814156,31.202372697717536
2002-03-26,20.364787113530994,33.80116393053774,-4.398468117789036,31.98554583969119
2002-03-27,19.435718627122426,33.49613603578467,-6.0665026982687955,32.52772008624605
2002-03-28,20.430102025984972,34.67678523162961,-6.130477649921902,32.85961386963139
2002-03-29,21.66725880747387,34.07786579444243,-5.486262063910749,33.45577582927753
2002-03-30,22.276662996137134,34.48788286290212,-6.421227472395537,35.493306424691674
2002-03-31,21.975485509813684,35.1277343943821,-5.86690276778525,34.52449894846608
2002-04-01,21.58540067097954,34.365471681777166,-5.088218002738789,34.61613047996285
2002-04-02,21.933353972303422,34.04609266989022,-5.6623361922738615,35.251627286083384
2002-04-03,21.660876535259295,34.26408196305431,-5.1645606071043035,35.111983454130474
2002-04-04,24.607309816298404,34.886361087892475,-3.1588177619264504,35.55445386033563
2002-04-05,23.887882475018824,34.35618501209022,-3.009875222911323,34.94080891615793
2002-04-06,24.344505623390457,34.31256602489506,-2.690710555631848,35.74121652061346
2002-04-07,22.55085598969205,34.737793373355274,-3.3192175616657718,35.40278334159068
2002-04-08,23.92663606672824,33.95589123888363,-5.072465334927795,36.09678343106161
2002-04-09,24.29575534450833,34.5056395447858,-5.990003217428496,36.41065364320179
2002-04-10,24.785849409476132,33.24133840458561,-6.380887148269396,36.84450156344096
2002-04-11,24.673074084451073,32.817918531965034,-6.205421191770226,35.79777075507618
2002-04-12,23.706922472873046,32.56377773488845,-5.728435421093764,36.94400003109483
2002-04-13,24.48063823002744,32.02649359150664,-3.3871391826095913,36.899068701348234
2002-04-14,21.841695098695155,30.517511702248083,-4.361776688809044,38.091466281394304
2002-04-15,23.014911715325177,29.94604876089132,-3.9929742862228577,39.5253898480085
2002-04-16,22.535415222166513,29.548440602478497,-4.991237329538608,40.9913623044034
2002-04-17,22.879160770250433,30.01873761321315,-4.915777038546574,40.23494121978614
2002-04-18,22.761338652766867,28.20084446442734,-5.807031445491206,40.62461377818937
2002-04-19,22.396785281865203,26.706408517783494,-7.298683325856053,42.17895010353235
2002-04-20,23.005251859120893,26.38798730860222,-6.349923463795489,42.30310743259599
2002-04-21,23.39684469968551,25.832666874658006,-6.573669288184642,41.8775571839675
2002-04-22,23.959283235996185,24.77675877410871,-6.248787479105194,41.47541531843804
2002-04-23,23.957784637349558,27.656313771857853,-6.3554056291444345,41.27070469816821
2002-04-24,24.027470457102805,29.127878466167164,-6.425894245307447,40.8658038619955
2002-04-25,24.08044358523709,28.6290331405475,-7.7862261657429315,40.916849454945
2002-04-26,22.122777608847105,28.71451546580621,-8.06549000042553,42.174374604322566
2002-04-27,22.56153248533543,28.943833168295697,-8.486591187882338,41.70188751230055
2002-04-28,21.872755732945667,28.713864005065307,-8.070373000745807,41.40701484532784
2002-04-29,21.02342901776935,28.14286623371499,-5.338382748429403,40.19672463834044
2002-04-30,20.05447681236025,28.489549006499168,-5.5636649844093204,39.61003653360197
2002-05-01,20.440975587882015,28.093935932528055,-5.6881657380381085,41.09914400246379
2002-05-02,21.717746337921096,28.443491457267804,-7.202717663821943,42.24161460481758
2002-05-03,21.962549329421673,28.694386398918414,-6.3315576908318265,42.94206838093408
2002-05-04,22.95945596854374,29.65659432511093,-5.676341965186515,43.0560888723439
2002-05-05,23.702852843423123,28.660249396933576,-5.717594334309643,42.88610640412306
2002-05-06,24.493352373030405,29.5926388248553,-6.101884547472802,43.28285653472578
2002-05-07,23.37343011151845,28.963883254672442,-5.688384090142111,42.33687435774764
2002-05-08,24.11802747416359,28.657750832803856,-6.433324460285085,41.85642524820344
2002-05-09,24.45523792281486,29.38278582414782,-7.550086416800755,40.58808213576086
2002-05-10,23.543829218239956,30.165170002793978,-6.956752741696105,38.788141198363995
2002-05-11,23.38513755937326,29.84294992197781,-7.099465354626728,38.070025314310726
2002-05-12,23.98400677542586,28.671458814628746,-5.6649538975579645,38.711255321207005
2002-05-13,23.6628625697498,29.285190201045175,-6.642814112540402,38.57097356719612
2002-05-14,23.69065945110561,30.164677353933882,-5.174188912126548,37.90550513809047
2002-05-15,23.652688795174456,28.53357038114629,-6.390694102289272,37.84159333050339
2002-05-16,22.852323707932396,27.85742474553756,-5.8903289516329265,37.93101743119733
2002-05-17,23.3687180401083,27.741893226636623,-4.794829752912996,38.51632716203709
2002-05-18,22.03270242609987,28.34380044256661,-3.15250395393376,39.27551306701469
2002-05-19,21.76372723451385,27.86331755217659,-3.734754544096867,39.44354901125509
2002-05-20,21.153500054685093,27.610265011787803,-3.986946562606831,39.53934291984238
2002-05-21,21.427939260222242,28.37471254603355,-3.629679353015133,39.34177513766074
2002-05-22,19.575436236508285,28.01771511164061,-1.5755188506159974,39.97730930080315
2002-05-23,19.260854308698292,27.282173080808512,-1.864961883769951,40.20770974077405
2002-05-24,19.463942091570537,25.84323192266143,-2.937595282908654,40.551334528354246
2002-05-25,19.38754581293845,26.097241362920347,-2.5911026049523933,40.19501242855666
2002-05-26,19.30175880953676,24.29677232128741,-2.866253737140528,40.26782230306671
2002-05-27,19.99558982081433,25.64534195543177,-2.674054192458191,39.97339088052278
2002-05-28,18.584478867821993,26.99993545449856,-1.4814292915201475,39.73108765473016
2002-05-29,17.888699491597958,27.70650916242119,-1.2293827167640383,40.291849100974936
2002-05-30,16.623784101000652,26.613370357958026,-2.2633908580479876,42.533303201135816
2002-05-31,16.173528944299253,25.906772272575033,-2.9620666050920517,42.59347476923061
2002-06-01,16.098525528118458,27.27024018293927,-1.4588016354367876,42.159304694240646
2002-06-02,17.781205508252505,25.20575183153993,-3.3240517840901904,41.03549654810889
2002-06-03,16.251771330674273,23.5425181938634,-4.063684896706796,41.82079985743622
2002-06-04,16.61876581712188,22.95652670606479,-5.107511267186958,41.20805500728123
2002-06-05,17.962330468797155,22.83942685180881,-3.6510812355007998,40.62204704440563
2002-06-06,17.90440485542371,22.524512080029417,-3.878887743771998,40.54174762940029
2002-06-07,17.132241499734818,23.561998344928355,-3.495416309497517,40.26360941166329
2002-06-08,17.92811513082587,24.6472567023249,-2.6679460641726385,39.57668791295025
2002-06-09,16.93877541884693,23.462240750081676,-3.6392569067738174,38.76796237310578
2002-06-10,18.021648081289985,23.91327342984619,-4.537610893674741,39.17830918495967
2002-06-11,17.838694508794212,23.686007374421095,-4.305530143398338,37.80431773759491
2002-06-12,19.412938813794256,24.633948706233372,-4.445943722813068,36.74344170844781
2002-06-13,18.92861716160086,24.78693143916322,-5.517408020156918,36.074314719578894
2002-06-14,20.230995124230326,25.49277606086404,-7.163499385959095,34.97626622252943
2002-06-15,19.374344603507513,26.176111341947777,-7.495261372771322,35.39829256206564
2002-06-16,19.92353724475989,26.782288920398916,-8.347500113994672,35.33936098412598
2002-06-17,20.39509545427217,27.78898994282537,-8.261060110110677,36.60984530022732
2002-06-18,20.588465652137884,27.628870513706854,-8.082610667417145,37.00226442156935
2002-06-19,20.521140914370033,25.921664277032068,-8.849468187227464,37.49703007175077
2002-06-20,20.078598852650693,24.64641306411367,-9.461560870584908,36.46618381787572
2002-06-21,20.636737557276795,25.093115105771812,-9.057197807941096,35.33579874468311
2002-06-22,18.92113962960931,22.647663261618604,-8.181231388341747,34.33876090863979
2002-06-23,20.150810756074158,21.992004151078195,-7.514369518512302,33.889447592951946
2002-06-24,20.468212426193965,22.13743235413797,-8.170708751741792,34.13335970762163
2002-06-25,20.485216179709337,22.41382790002904,-7.838221698171916,34.19613427775615
2002-06-26,22.989393479906035,21.521904023751006,-6.891275014143994,34.031551437216244
2002-06-27,22.27899302833374,19.874838686756647,-8.441981955833587,33.94320910085228
2002-06-28,22.359862455776213,20.2626805501667,-8.799662128803735,33.87044126636925
2002-06-29,22.40028119934876,18.894877817455654,-9.61954222457555,33.792486409863024
2002-06-30,22.76232757721907,18.602125318660313,-9.584503323953768,32.83675316912895
2002-07-01,22.14902590897736,17.534707284925755,-9.45772555748372,32.67992724031423
2002-07-02,20.517633137096954,15.791959714359775,-9.441209476869268,33.02921493024796
2002-07-03,22.497732301311817,15.542859663225354,-9.025556786232478,33.195236252859836
2002-07-04,23.671479901946626,15.290430493911341,-9.030537569658302,34.00464311233322
2002-07-05,23.738655087453004,13.315688923515951,-11.01147358051595,32.630965043877616
2002-07-06,22.349497774775838,13.136459267062389,-10.44847420497642,32.87934696525902
2002-07-07,22.781831025574537,14.461247126051239,-11.174421016212028,31.92701213697777
2002-07-08,21.133474966960847,14.873428312440584,-11.251388307659127,32.02484716032469
2002-07-09,21.6674586946754,16.18721018941008,-12.522417145598467,31.012480432749516
2002-07-10,21.302168934478516,13.705857231142648,-12.30916320201581,30.784345681062263
2002-07-11,20.77437144021544,14.44313614460111,-12.531070703871174,31.561729471555555
2002-07-12,19.234446850339506,15.489220638871096,-12.350449294413075,31.921863407101604
2002-07-13,19.919390750757465,15.76320533711312,-12.347823601097927,33.2575238450516
2002-07-14,18.354402127889195,15.767011180560617,-12.507159923016713,33.887147107816034
2002-07-15,18.205902288713204,14.78055900678182,-12.455233409999527,33.67693685999882
2002-07-16,17.47105315695201,14.223319003302116,-13.05209320131621,34.5739244256438
2002-07-17,16.02394362013293,14.732074851601118,-13.396681053480542,34.730629252939096
2002-07-18,17.118642503555236,15.253262211271995,-11.037621513531708,34.680156094270934
2002-07-19,14.07745239210637,15.69916612270114,-9.99603151467802,34.5020287041892
2002-07-20,15.412403031376211,16.51014322346009,-11.056456257276203,35.18834642427339
2002-07-21,14.92832371978941,18.00546210478259,-12.238488911656589,34.45794266641002
2002-07-22,14.982135268462116,18.6763120331706,-12.1452730898754,33.55453797264581
2002-07-23,15.311496845804848,20.324034209485802,-10.414928462941411,33.68074487108487
2002-07-24,15.661789652354761,20.69897164814584,-11.166390976648202,33.94792442182596
2002-07-25,15.02346960397352,22.013989035638875,-10.48894099520198,32.130424092590886
2002-07-26,15.8281347151826,21.63363620863996,-8.906431594545545,31.706838585734904
2002-07-27,16.461862556070294,20.92617641634388,-8.083173882911744,31.334048782176062
2002-07-28,15.9131288584319,21.209353071606806,-7.909639609649313,30.96575886359713
2002-07-29,15.390954728929122,20.484893311806605,-8.30482264680469,31.074586803592357
2002-07-30,14.893187937034673,21.66742516503012,-8.113171566355382,32.233263007097875
2002-07-31,14.353569084176545,20.57737319011572,-7.867266748813774,30.965555592468952
2002-08-01,13.72037976516383,18.796939870638546,-7.392948465592988,28.887877366483842
2002-08-02,12.282432339150143,20.774278265548226,-6.844451859013361,28.315355252080533
2002-08-03,11.860332630406146,20.221723147781567,-6.8785555641871765,27.112806099400405
2002-08-04,11.806009962069602,19.13559328146051,-6.575316216652797,29.17677782872465
2002-08-05,12.386620380439666,20.646201883236145,-6.718585313958018,30.309563766856375
2002-08-06,11.370807828882356,20.33383014233073,-7.725702408335721,29.20586587287243
2002-08-07,10.614681484366889,21.01897805486472,-9.823619207144692,29.452835829001092
2002-08-08,10.2823802942627,22.667672000759758,-10.334236422811186,27.130737540273934
2002-08-09,9.173066650591231,21.763800038078728,-10.035318436082319,26.743221634916782
2002-08-10,7.63731153048353,22.878424400884867,-10.763689869691227,25.88557368427237
2002-08-11,6.857971173607138,22.397186823784,-11.449409052800602,25.264734039952337
2002-08-12,6.985961174773037,21.188480675017374,-11.702366101536732,26.91633566763198
2002-08-13,7.1553987703803745,21.673056869646853,-11.802280114148632,28.57027814699288
2002-08-14,7.971591882051029,21.974513453769518,-13.286914984199155,26.900461225559365
2002-08-15,4.460096762765733,20.617552423551718,-12.915846741120998,26.930915243854553
2002-08-16,5.183195543915971,21.425316579233346,-15.427209952716424,26.87449219451009
2002-08-17,6.509332133007317,21.885700407067716,-14.25488813132186,24.850759826477194
2002-08-18,5.873741176527693,22.59495188710382,-15.46668531966017,24.47243185731674
2002-08-19,5.851534405605251,22.749737572250954,-15.356111151034904,23.547037401275926
2002-08-20,5.638232547753624,23.14995371023399,-14.2595084654403,26.13707763513754
2002-08-21,3.3708364558486315,22.28681728217664,-14.22653373358998,28.58797388224931
2002-08-22,4.658678354554581,20.971296090265906,-12.611029957754463,28.532928207908594
2002-08-23,4.000560357629385,20.37705364967198,-12.91928379877053,27.387347770416802
2002-08-24,4.867311831023011,21.27651511946173,-14.215400166701773,26.736480947128467
2002-08-25,6.274011369884954,21.028878344236634,-14.466394758941837,26.416334373504082
2002-08-26,6.36143365583312,20.373546377705672,-17.043372147143252,28.427389674844022
2002-08-27,6.090493301221178,20.391067760167253,-16.493334521894738,27.073908374650042
2002-08-28,5.661425960378109,20.591750780804993,-17.148885626734636,27.319203364345416
2002-08-29,4.906843816296661,20.183706314888013,-17.09491776530065,29.403858995069044
2002-08-30,3.8231674616030564,20.505360558451358,-16.028577722162506,29.472609798283287
2002-08-31,2.9973617879328325,19.95553023318506,-15.758730863606697,31.47557678241079
2002-09-01,2.4906952795758954,19.306443910002667,-15.549198406001576,32.32395375384615
2002-09-02,2.1763621527368726,19.195284576999942,-14.931068585551328,32.8036721217563
2002-09-03,0.5951090969957691,17.644845344908685,-15.979319923694304,34.91478893447175
2002-09-04,1.0333874279246515,18.11532743775072,-16.58573837809981,34.092662447204695
2002-09-05,0.1328151188362644,18.670532796004206,-16.44988106385748,34.353550514133715
2002-09-06,0.9161735253799779,20.03595621680892,-16.5194790981635,34.87681102154212
2002-09-07,1.4284835497243247,19.38217549208924,-16.77946579519105,36.43330088772516
2002-09-08,0.5008080238507768,18.43357955591438,-17.39842603528399,38.131849540454
2002-09-09,1.131421837059238,17.44059772414281,-17.401929416969963,39.226368385639994
2002-09-10,0.5275800210038352,17.323232022111487,-17.724882756113814,40.15821670866737
2002-09-11,0.7184003280976778,17.34471816578346,-19.740463592684343,38.85283463471343
2002-09-12,1.2729251588182877,19.378834533268005,-18.974191160837016,39.55873039445299
2002-09-13,1.3780301476250993,20.31372113840468,-17.800300574986338,38.20284033458793
2002-09-14,2.8775880836570287,20.922218191882575,-18.772355121752433,38.51710556391841
2002-09-15,2.8810532544608605,20.78954698666816,-21.79535452231607,37.90440069923912
2002-09-16,2.189066471797956,20.034454295984848,-22.45681775046935,37.77673009872674
2002-09-17,1.5764145676167656,21.15691314327473,-24.21764175789442,35.50303090094427
2002-09-18,2.3304258603997594,22.403930038725626,-24.334099681234747,35.97698137818887
2002-09-19,3.9241813873742224,22.461604008034595,-26.220514224338245,35.951181042708626
2002-09-20,4.593777224889142,22.811000424635836,-26.342117038455886,35.43757584381376
2002-09-21,5.2628906461798115,21.40959401194452,-26.89404256047888,36.73447878634292
2002-09-22,6.9776859801678155,21.516888537012523,-26.608077434518346,36.644813877782205
2002-09-23,6.072835405909196,20.082138001805,-26.72776084553783,36.35606111264154
2002-09-24,3.36181730081278,18.810743179411006,-25.506966016678106,36.84361169784103
2002-09-25,4.043409797508757,17.062520372327544,-24.659989979573567,36.83125227426103
2002-09-26,3.921075687327938,15.998527269326933,-25.342357144691984,37.927623493101066
